{
  "hash": "a1f97eff",
  "configHash": "30886c58",
  "lockfileHash": "5d464543",
  "browserHash": "2201e957",
  "optimized": {
    "@angular/core": {
      "src": "../../../../../node_modules/@angular/core/fesm2022/core.mjs",
      "file": "@angular_core.js",
      "fileHash": "ac6baf82",
      "needsInterop": false
    },
    "@angular/platform-browser": {
      "src": "../../../../../node_modules/@angular/platform-browser/fesm2022/platform-browser.mjs",
      "file": "@angular_platform-browser.js",
      "fileHash": "2baf8ecc",
      "needsInterop": false
    },
    "@angular/router": {
      "src": "../../../../../node_modules/@angular/router/fesm2022/router.mjs",
      "file": "@angular_router.js",
      "fileHash": "53715eb1",
      "needsInterop": false
    }
  },
  "chunks": {
    "chunk-UEBAAGOC": {
      "file": "chunk-UEBAAGOC.js"
    },
    "chunk-KJBDP7EP": {
      "file": "chunk-KJBDP7EP.js"
    }
  }
}